BE_dados_as.dat,CPS_dados_as.dat,SiO2 3/2_1_dados_as.dat,SiO2 1/2_2_dados_as.dat,Si 3/2_3_dados_as.dat,Si 1/2_4_dados_as.dat,Si 1+ 3/2_5_dados_as.dat,Si 1+ 1/2_6_dados_as.dat,Si 3+ 3/2_7_dados_as.dat,Si 3+ 1/2_8_dados_as.dat,Background_dados_as.dat,Envelope_dados_as.dat,Normalised_Residual_dados_as.dat,Residual_dados_as.dat
108,53.2658,53.5161,53.4253,53.2727,53.2713,53.2757,53.2716,53.3555,53.3205,53.2658,53.848,0,0
107.98,53.1088,53.361,53.2696,53.1157,53.1144,53.1188,53.1146,53.199,53.1639,53.1088,53.6954,0,0
107.96,51.9862,52.2404,52.1484,51.9931,51.9918,51.9963,51.992,52.077,52.0416,51.9862,52.5773,0,0
107.94,51.7585,52.0146,51.9222,51.7655,51.7641,51.7686,51.7644,51.8499,51.8143,51.7585,52.3541,0,0
107.92,52.4101,52.6682,52.5752,52.4171,52.4157,52.4203,52.416,52.5021,52.4663,52.4101,53.0102,0,0
107.9,52.6064,52.8665,52.7729,52.6134,52.6121,52.6166,52.6123,52.6989,52.663,52.6064,53.2111,0,0
107.88,52.5593,52.8215,52.7273,52.5664,52.565,52.5696,52.5653,52.6524,52.6163,52.5593,53.1686,0,0
107.86,52.3944,52.6586,52.5639,52.4015,52.4001,52.4047,52.4004,52.4881,52.4518,52.3944,53.0084,0,0
107.84,51.3267,51.593,51.4977,51.3338,51.3324,51.3371,51.3327,51.4211,51.3845,51.3267,51.9455,0,0
107.82,52.0176,52.286,52.1901,52.0247,52.0234,52.0281,52.0237,52.1126,52.0759,52.0176,52.6412,0,0
107.8,51.4445,51.715,51.6186,51.4517,51.4503,51.455,51.4506,51.5401,51.5032,51.4445,52.073,0,0
107.78,52.4651,52.7378,52.6407,52.4723,52.4709,52.4757,52.4712,52.5613,52.5242,52.4651,53.0985,0,0
107.76,52.1824,52.4572,52.3596,52.1896,52.1882,52.193,52.1886,52.2792,52.2419,52.1824,52.8208,0,0
107.74,52.0176,52.2947,52.1964,52.0249,52.0235,52.0283,52.0238,52.1151,52.0776,52.0176,52.661,0,0
107.72,51.5387,51.818,51.7192,51.546,51.5446,51.5495,51.545,51.6368,51.5991,51.5387,52.1872,0,0
107.7,50.3297,50.6112,50.5118,50.337,50.3356,50.3405,50.336,50.4285,50.3906,50.3297,50.9834,0,0
107.68,50.7379,51.0217,50.9217,50.7453,50.7439,50.7488,50.7442,50.8373,50.7992,50.7379,51.3968,0,0
107.66,50.0157,50.3018,50.2012,50.0231,50.0217,50.0266,50.0221,50.1158,50.0775,50.0157,50.6798,0,0
107.64,50.5888,50.8773,50.776,50.5962,50.5948,50.5998,50.5952,50.6896,50.651,50.5888,51.2583,0,0
107.62,51.0834,51.3742,51.2724,51.0909,51.0894,51.0943,51.0898,51.1848,51.1461,51.0834,51.7582,0,0
107.6,49.8979,50.1911,50.0887,49.9054,49.904,49.9089,49.9044,50,49.961,49.8979,50.5782,0,0
107.58,48.8852,49.1809,49.0778,48.8927,48.8913,48.8962,48.8917,48.988,48.9488,48.8852,49.571,0,0
107.56,48.846,49.1441,49.0404,48.8536,48.8521,48.8571,48.8525,48.9495,48.9101,48.846,49.5374,0,0
107.54,49.9686,50.2692,50.1648,49.9762,49.9748,49.9797,49.9752,50.0728,50.0332,49.9686,50.6657,0,0
107.52,48.2258,48.5289,48.4239,48.2334,48.232,48.237,48.2324,48.3307,48.2909,48.2258,48.9287,0,0
107.5,50.5103,50.816,50.7103,50.518,50.5165,50.5216,50.517,50.6159,50.5759,50.5103,51.2191,0,0
107.48,50.683,50.9913,50.8849,50.6907,50.6893,50.6943,50.6897,50.7894,50.7491,50.683,51.3977,0,0
107.46,50.4789,50.7898,50.6828,50.4867,50.4852,50.4903,50.4856,50.586,50.5455,50.4789,51.1995,0,0
107.44,48.3828,48.6963,48.5887,48.3906,48.3891,48.3942,48.3896,48.4906,48.4499,48.3828,49.1095,0,0
107.42,48.5163,48.8325,48.7242,48.5241,48.5227,48.5278,48.5231,48.6249,48.5839,48.5163,49.2491,0,0
107.4,49.9529,50.2718,50.1628,49.9608,49.9593,49.9645,49.9598,50.0622,50.021,49.9529,50.692,0,0
107.38,49.372,49.6937,49.584,49.3799,49.3784,49.3836,49.3789,49.4821,49.4407,49.372,50.1174,0,0
107.36,49.9843,50.3088,50.1984,49.9922,49.9908,49.996,49.9912,50.0952,50.0535,49.9843,50.736,0,0
107.34,49.1757,49.503,49.392,49.1837,49.1822,49.1875,49.1827,49.2874,49.2455,49.1757,49.9339,0,0
107.32,49.9686,50.2988,50.187,49.9766,49.9751,49.9804,49.9756,50.0811,50.0389,49.9686,50.7333,0,0
107.3,49.0265,49.3596,49.2471,49.0346,49.0331,49.0384,49.0336,49.1398,49.0974,49.0265,49.7979,0,0
107.28,47.7547,48.0907,47.9775,47.7628,47.7613,47.7667,47.7618,47.8688,47.8261,47.7547,48.5328,0,0
107.26,48.6654,49.0044,48.8905,48.6735,48.672,48.6774,48.6726,48.7803,48.7374,48.6654,49.4503,0,0
107.24,48.477,48.819,48.7044,48.4852,48.4837,48.4891,48.4842,48.5927,48.5496,48.477,49.2688,0,0
107.22,48.2415,48.5865,48.4713,48.2497,48.2482,48.2537,48.2487,48.358,48.3147,48.2415,49.0403,0,0
107.2,48.7675,49.1157,48.9996,48.7757,48.7742,48.7797,48.7748,48.8849,48.8412,48.7675,49.5734,0,0
107.18,49.0501,49.4014,49.2846,49.0584,49.0569,49.0624,49.0574,49.1683,49.1244,49.0501,49.8631,0,0
107.16,48.2964,48.6509,48.5334,48.3047,48.3032,48.3088,48.3038,48.4155,48.3713,48.2964,49.1167,0,0
107.14,48.1865,48.5442,48.426,48.1949,48.1933,48.1989,48.1939,48.3064,48.2621,48.1865,49.0142,0,0
107.12,47.268,47.6289,47.51,47.2764,47.2749,47.2805,47.2755,47.3888,47.3442,47.268,48.1032,0,0
107.1,46.7106,47.0749,46.9552,46.719,46.7175,46.7232,46.7181,46.8323,46.7874,46.7106,47.5534,0,0
107.08,47.9746,48.3422,48.2217,47.9831,47.9815,47.9872,47.9822,48.0972,48.052,47.9746,48.825,0,0
107.06,48.2493,48.6203,48.4991,48.2578,48.2563,48.262,48.2569,48.3728,48.3274,48.2493,49.1075,0,0
107.04,48.1473,48.5218,48.3998,48.1558,48.1543,48.1601,48.155,48.2717,48.226,48.1473,49.0134,0,0
107.02,47.0325,47.4105,47.2877,47.0411,47.0395,47.0454,47.0402,47.1579,47.1119,47.0325,47.9066,0,0
107,46.9069,47.2884,47.1649,46.9155,46.914,46.9198,46.9147,47.0332,46.987,46.9069,47.7892,0,0
106.98,47.0796,47.4647,47.3404,47.0883,47.0867,47.0926,47.0874,47.2068,47.1603,47.0796,47.9701,0,0
106.96,47.0561,47.4449,47.3198,47.0648,47.0632,47.0692,47.064,47.1843,47.1375,47.0561,47.955,0,0
106.94,48.2493,48.6418,48.5159,48.2581,48.2565,48.2625,48.2572,48.3785,48.3314,48.2493,49.1567,0,0
106.92,47.6684,48.0646,47.9379,47.6772,47.6756,47.6816,47.6764,47.7986,47.7512,47.6684,48.5844,0,0
106.9,47.8882,48.2882,48.1607,47.8971,47.8955,47.9015,47.8962,48.0193,47.9717,47.8882,48.8129,0,0
106.88,47.0639,47.4678,47.3395,47.0728,47.0712,47.0773,47.072,47.1961,47.1482,47.0639,47.9975,0,0
106.86,46.0119,46.4197,46.2906,46.0209,46.0193,46.0254,46.02,46.1451,46.0969,46.0119,46.9545,0,0
106.84,46.0198,46.4316,46.3017,46.0288,46.0272,46.0334,46.028,46.154,46.1055,46.0198,46.9715,0,0
106.82,47.5663,47.9821,47.8514,47.5754,47.5737,47.5799,47.5745,47.7015,47.6528,47.5663,48.5272,0,0
106.8,47.8647,48.2846,48.1531,47.8738,47.8722,47.8784,47.873,48.001,47.9519,47.8647,48.835,0,0
106.78,46.2474,46.6714,46.5391,46.2565,46.2549,46.2612,46.2557,46.3847,46.3354,46.2474,47.2272,0,0
106.76,46.5772,47.0054,46.8723,46.5864,46.5848,46.5911,46.5856,46.7156,46.666,46.5772,47.5667,0,0
106.74,46.0669,46.4994,46.3654,46.0761,46.0745,46.0809,46.0753,46.2064,46.1565,46.0669,47.0662,0,0
106.72,46.5615,46.9983,46.8635,46.5708,46.5692,46.5756,46.57,46.7021,46.6519,46.5615,47.5708,0,0
106.7,46.1532,46.5944,46.4588,46.1625,46.1609,46.1673,46.1618,46.2949,46.2444,46.1532,47.1726,0,0
106.68,46.64,47.0857,46.9492,46.6494,46.6477,46.6542,46.6486,46.7828,46.732,46.64,47.6697,0,0
106.66,45.8863,46.3365,46.1992,45.8957,45.8941,45.9006,45.895,46.0303,45.9791,45.8863,46.9264,0,0
106.64,47.0561,47.5109,47.3727,47.0656,47.0639,47.0705,47.0648,47.2012,47.1498,47.0561,48.1068,0,0
106.62,46.326,46.7855,46.6465,46.3355,46.3339,46.3405,46.3348,46.4723,46.4205,46.326,47.3875,0,0
106.6,47.1032,47.5675,47.4275,47.1128,47.1111,47.1178,47.112,47.2507,47.1986,47.1032,48.1756,0,0
106.58,45.2583,45.7274,45.5866,45.2679,45.2662,45.273,45.2672,45.407,45.3546,45.2583,46.3418,0,0
106.56,46.2003,46.6743,46.5326,46.21,46.2083,46.2151,46.2093,46.3502,46.2975,46.2003,47.2951,0,0
106.54,45.8392,46.3181,46.1756,45.8489,45.8472,45.8541,45.8482,45.9903,45.9373,45.8392,46.9454,0,0
106.52,45.117,45.601,45.4576,45.1268,45.1251,45.1319,45.1261,45.2694,45.216,45.117,46.2348,0,0
106.5,44.748,45.2371,45.0929,44.7578,44.7561,44.763,44.7571,44.9016,44.8479,44.748,45.8776,0,0
106.48,45.8471,46.3414,46.1963,45.857,45.8553,45.8622,45.8563,46.002,45.9479,45.8471,46.9887,0,0
106.46,44.7637,45.2633,45.1174,44.7736,44.7719,44.7789,44.773,44.9199,44.8655,44.7637,45.9176,0,0
106.44,44.8972,45.4022,45.2553,44.9072,44.9054,44.9125,44.9065,45.0547,45,44.8972,46.0634,0,0
106.42,43.9708,44.4812,44.3336,43.9808,43.9791,43.9862,43.9802,44.1296,44.0745,43.9708,45.1497,0,0
106.4,43.6489,44.1649,44.0163,43.6589,43.6572,43.6644,43.6584,43.809,43.7536,43.6489,44.8406,0,0
106.38,45.1327,45.6543,45.5049,45.1428,45.1411,45.1483,45.1422,45.2942,45.2385,45.1327,46.3374,0,0
106.36,44.2534,44.7807,44.6305,44.2636,44.2618,44.2691,44.263,44.4163,44.3602,44.2534,45.4714,0,0
106.34,41.914,42.4471,42.2961,41.9242,41.9225,41.9298,41.9237,42.0782,42.0218,41.914,43.1454,0,0
106.32,42.8953,43.4344,43.2825,42.9056,42.9038,42.9112,42.905,43.0609,43.0042,42.8953,44.1405,0,0
106.3,42.8403,43.3854,43.2326,42.8506,42.8489,42.8563,42.8501,43.0074,42.9502,42.8403,44.0995,0,0
106.28,43.5155,44.0667,43.9131,43.5259,43.5241,43.5316,43.5254,43.684,43.6265,43.5155,44.7889,0,0
106.26,42.7069,43.2643,43.1099,42.7174,42.7156,42.7231,42.7169,42.8769,42.819,42.7069,43.9948,0,0
106.24,42.1259,42.6896,42.5344,42.1364,42.1347,42.1422,42.1359,42.2973,42.2391,42.1259,43.4285,0,0
106.22,41.8119,42.3821,42.2261,41.8225,41.8207,41.8283,41.822,41.9848,41.9263,41.8119,43.1295,0,0
106.2,42.7147,42.346,42.1892,41.7799,41.7782,41.7858,41.7795,41.9438,41.8848,41.7693,43.1021,0.0592772,0.387415
106.18,43.3663,42.31,42.1525,41.7374,41.7356,41.7433,41.7369,41.9027,41.8434,41.7267,43.0751,-0.0442207,-0.291207
106.16,41.6627,42.2528,42.0945,41.6735,41.6717,41.6795,41.673,41.8403,41.7806,41.6627,43.0269,0,0
106.14,42.1259,42.2172,42.0582,41.631,41.6292,41.6371,41.6306,41.7993,41.7393,41.6202,43.0005,0.13476,0.87465
106.12,42.1809,42.1817,42.0221,41.5886,41.5868,41.5947,41.5882,41.7584,41.698,41.5777,42.9746,0.122202,0.79366
106.1,41.3566,41.9677,41.8074,41.3675,41.3657,41.3737,41.3671,41.5389,41.4782,41.3566,42.7701,0,0
106.08,42.1259,41.9335,41.7726,41.3261,41.3243,41.3323,41.3257,41.4991,41.4379,41.3151,42.7458,0.095516,0.619942
106.06,41.6784,41.8994,41.7379,41.2847,41.2829,41.291,41.2843,41.4593,41.3977,41.2736,42.7218,0.16162,1.0434
106.04,40.705,41.3382,41.1763,40.7161,40.7143,40.7224,40.7158,40.8923,40.8304,40.705,42.1709,0,0
106.02,41.7648,41.3075,41.1451,40.6778,40.676,40.6842,40.6775,40.8557,40.7933,40.6666,42.1508,0.0597267,0.385988
106,40.4616,41.1103,40.9475,40.4729,40.471,40.4793,40.4725,40.6524,40.5897,40.4616,41.9643,0,0
105.98,41.3409,41.0808,40.9177,40.4355,40.4337,40.442,40.4352,40.6167,40.5536,40.4242,41.9459,0.0940984,0.605023
105.96,41.6627,41.0514,40.8881,40.3981,40.3963,40.4047,40.3979,40.5811,40.5176,40.3868,41.9279,0.0410842,0.265185
105.94,40.9562,41.0222,40.8588,40.3608,40.3589,40.3674,40.3605,40.5454,40.4815,40.3493,41.9103,0.149084,0.954093
105.92,40.6971,40.9932,40.8298,40.3234,40.3215,40.3301,40.3232,40.5098,40.4455,40.3119,41.8933,0.187503,1.19616
105.9,41.5057,40.9642,40.801,40.286,40.2842,40.2927,40.2858,40.4743,40.4095,40.2744,41.8766,0.0575639,0.370855
105.88,42.4164,40.9355,40.7726,40.2486,40.2468,40.2554,40.2485,40.4387,40.3736,40.237,41.8606,-0.0853458,-0.555839
105.86,41.4037,40.9069,40.7444,40.2112,40.2094,40.2181,40.2111,40.4032,40.3376,40.1996,41.845,0.0685777,0.441268
105.84,40.3753,40.8784,40.7167,40.1739,40.172,40.1808,40.1737,40.3676,40.3017,40.1621,41.83,0.228942,1.45473
105.82,40.7128,40.8502,40.6893,40.1365,40.1346,40.1435,40.1364,40.3322,40.2658,40.1247,41.8157,0.172857,1.10294
105.8,40.5715,40.8221,40.6623,40.0991,40.0972,40.1061,40.099,40.2967,40.2299,40.0872,41.802,0.193177,1.23046
105.78,40.4067,40.7942,40.6359,40.0617,40.0598,40.0688,40.0616,40.2612,40.194,40.0497,41.7891,0.217475,1.38241
105.76,41.3958,40.7665,40.6098,40.0242,40.0224,40.0315,40.0243,40.2258,40.1582,40.0123,41.7768,0.0592102,0.380956
105.74,39.7551,40.5192,40.3647,39.7672,39.7653,39.7744,39.7672,39.9707,39.9027,39.7551,41.5457,0,0
105.72,39.5431,40.3174,40.1653,39.5552,39.5533,39.5626,39.5553,39.7608,39.6924,39.5431,41.3607,0,0
105.7,41.0111,40.2928,40.1436,39.5204,39.5185,39.5278,39.5205,39.7281,39.6592,39.5082,41.3535,0.0534725,0.342437
105.68,38.7423,39.5375,39.3919,38.7546,38.7527,38.7621,38.7547,38.9644,38.895,38.7423,40.6167,0,0
105.66,40.1711,39.5182,39.3763,38.7245,38.7226,38.7321,38.7247,38.9364,38.8667,38.7122,40.6163,0.070242,0.445199
105.64,40.1947,39.4991,39.3621,38.6945,38.6926,38.7021,38.6946,38.9085,38.8383,38.682,40.6175,0.0666911,0.422817
105.62,40.3988,39.4802,39.3485,38.6644,38.6625,38.6721,38.6646,38.8807,38.81,38.6519,40.6197,0.0347576,0.220919
105.6,40.9483,39.4615,39.3359,38.6344,38.6324,38.6421,38.6346,38.8528,38.7818,38.6218,40.6232,-0.0508066,-0.325116
105.58,41.8276,39.4433,39.3247,38.6043,38.6024,38.6121,38.6045,38.825,38.7535,38.5916,40.6285,-0.185405,-1.19909
105.56,41.7962,39.4252,39.3142,38.5742,38.5723,38.5821,38.5745,38.7972,38.7253,38.5615,40.6347,-0.179664,-1.16153
105.54,40.548,39.4073,39.3059,38.5442,38.5422,38.5521,38.5444,38.7695,38.6971,38.5313,40.6435,0.0150025,0.0955321
105.52,41.2938,39.3899,39.2985,38.5141,38.5121,38.5221,38.5144,38.7418,38.669,38.5012,40.6537,-0.0996167,-0.640139
105.5,41.8747,39.3726,39.2929,38.484,38.4821,38.4921,38.4844,38.7141,38.6408,38.471,40.6659,-0.186808,-1.20884
105.48,40.5715,39.3558,39.2893,38.454,38.452,38.4621,38.4543,38.6865,38.6128,38.4409,40.6807,0.0171452,0.109208
105.46,40.2496,39.3393,39.2868,38.4239,38.4219,38.4321,38.4243,38.6589,38.5847,38.4107,40.6969,0.0705121,0.447347
105.44,40.6579,39.3231,39.2879,38.3938,38.3918,38.4021,38.3942,38.6314,38.5567,38.3806,40.7172,0.00930051,0.0593033
105.42,40.4695,39.3074,39.2903,38.3637,38.3618,38.3721,38.3642,38.6038,38.5287,38.3504,40.7393,0.0424063,0.26977
105.4,40.4616,39.292,39.2958,38.3337,38.3317,38.3421,38.3341,38.5764,38.5008,38.3202,40.7648,0.0476666,0.303205
105.38,40.7599,39.2772,39.3042,38.3036,38.3016,38.3121,38.3041,38.5489,38.4729,38.2901,40.794,0.00534627,0.0341325
105.36,40.8384,39.2627,39.3146,38.2735,38.2715,38.2821,38.2741,38.5215,38.4451,38.2599,40.8257,-0.00198992,-0.0127166
105.34,40.3753,39.2488,39.3303,38.2434,38.2414,38.2521,38.244,38.4942,38.4173,38.2297,40.8632,0.076783,0.487891
105.32,41.6627,39.2354,39.3479,38.2133,38.2113,38.2221,38.214,38.4669,38.3895,38.1996,40.9033,-0.117644,-0.759356
105.3,39.7315,39.2224,39.3708,38.1832,38.1812,38.1921,38.1839,38.4396,38.3618,38.1694,40.9493,0.193198,1.21778
105.28,41.4194,39.2104,39.3978,38.1531,38.1511,38.1621,38.1539,38.4124,38.3341,38.1392,41.0002,-0.0651282,-0.419151
105.26,40.2339,39.1987,39.4284,38.123,38.121,38.1322,38.1238,38.3852,38.3065,38.1091,41.0554,0.12951,0.821486
105.24,41.859,39.188,39.4664,38.0929,38.0909,38.1022,38.0938,38.3581,38.2789,38.0789,41.119,-0.114383,-0.740043
105.22,40.8777,39.178,39.5074,38.0628,38.0608,38.0722,38.0637,38.331,38.2513,38.0487,41.1863,0.0482721,0.308631
105.2,41.2781,39.1687,39.557,38.0327,38.0307,38.0422,38.0337,38.304,38.2239,38.0185,41.2631,-0.00232841,-0.0149596
105.18,41.6078,39.1607,39.612,38.0026,38.0006,38.0122,38.0036,38.277,38.1964,37.9884,41.3467,-0.0404822,-0.261127
105.16,41.3801,39.1532,39.6732,37.9726,37.9705,37.9822,37.9736,38.2501,38.1691,37.9582,41.4371,0.00886677,0.0570376
105.14,40.2575,39.1473,39.7447,37.9425,37.9404,37.9522,37.9436,38.2232,38.1417,37.928,41.5395,0.202055,1.28202
105.12,42.5184,39.1423,39.8204,37.9124,37.9103,37.9222,37.9135,38.1964,38.1145,37.8978,41.6472,-0.133599,-0.87115
105.1,41.4822,39.1386,39.9098,37.8823,37.8802,37.8922,37.8835,38.1696,38.0873,37.8676,41.77,0.0446791,0.287763
105.08,41.5999,39.1367,40.006,37.8522,37.8501,37.8623,37.8535,38.1429,38.0601,37.8375,41.9015,0.0467553,0.301562
105.06,41.019,39.1356,40.1122,37.8222,37.8201,37.8323,37.8234,38.1163,38.0331,37.8073,42.044,0.160041,1.025
105.04,41.5921,39.1372,40.2321,37.7921,37.79,37.8023,37.7934,38.0897,38.006,37.7771,42.203,0.0947207,0.610872
105.02,42.7775,39.1401,40.3579,37.762,37.7599,37.7723,37.7634,38.0632,37.9791,37.7469,42.3694,-0.0624036,-0.408148
105,41.8355,39.1451,40.5044,37.732,37.7299,37.7424,37.7334,38.0368,37.9522,37.7168,42.5586,0.111797,0.72311
104.98,42.1966,39.1528,40.659,37.7019,37.6998,37.7124,37.7033,38.0104,37.9254,37.6866,42.7589,0.0865605,0.562288
104.96,43.7353,39.1618,40.8292,37.6718,37.6697,37.6825,37.6733,37.9841,37.8987,37.6564,42.9761,-0.114806,-0.759242
104.94,42.0788,39.1754,41.0167,37.6418,37.6397,37.6525,37.6433,37.9579,37.872,37.6263,43.2153,0.175205,1.13652
104.92,44.5674,39.1907,41.2131,37.6117,37.6096,37.6226,37.6133,37.9317,37.8455,37.5961,43.4654,-0.165072,-1.102
104.9,44.1671,39.2097,41.4378,37.5817,37.5796,37.5926,37.5833,37.9056,37.819,37.566,43.7476,-0.063127,-0.419532
104.88,45.1484,39.2326,41.6725,37.5516,37.5495,37.5627,37.5534,37.8796,37.7926,37.5358,44.0439,-0.164383,-1.10453
104.86,45.7607,39.2579,41.9299,37.5216,37.5195,37.5328,37.5234,37.8537,37.7663,37.5057,44.3653,-0.206271,-1.39536
104.84,44.7951,39.2902,42.2083,37.4916,37.4895,37.5029,37.4934,37.8278,37.7401,37.4755,44.715,-0.0119619,-0.08006
104.82,45.5095,39.3251,42.5007,37.4616,37.4594,37.473,37.4635,37.8021,37.7139,37.4454,45.0815,-0.063451,-0.428045
104.8,46.0119,39.3663,42.8278,37.4315,37.4294,37.4431,37.4335,37.7764,37.6879,37.4153,45.4891,-0.0770725,-0.522799
104.78,46.6164,39.4133,43.1676,37.4015,37.3994,37.4132,37.4036,37.7509,37.662,37.3852,45.9154,-0.102667,-0.700975
104.76,46.8598,39.4645,43.5392,37.3715,37.3694,37.3833,37.3736,37.7254,37.6362,37.3551,46.3778,-0.0704049,-0.481951
104.74,46.9383,39.526,43.9349,37.3416,37.3394,37.3535,37.3437,37.7,37.6105,37.325,46.8749,-0.00926106,-0.0634489
104.72,46.9147,39.5916,44.3508,37.3116,37.3095,37.3237,37.3138,37.6747,37.585,37.2949,47.3964,0.070324,0.48168
104.7,49.1286,39.6677,44.8074,37.2816,37.2795,37.2938,37.284,37.6495,37.5595,37.2648,47.9693,-0.165392,-1.15927
104.68,48.2572,39.7518,45.2795,37.2517,37.2495,37.264,37.2541,37.6245,37.5342,37.2348,48.566,0.0444589,0.308845
104.66,48.32,39.8434,45.7936,37.2217,37.2196,37.2342,37.2242,37.5995,37.509,37.2047,49.2123,0.128369,0.892323
104.64,48.7204,39.9498,46.3336,37.1918,37.1897,37.2045,37.1944,37.5746,37.4839,37.1747,49.8995,0.168923,1.17908
104.62,52.0882,40.0621,46.9012,37.1619,37.1597,37.1747,37.1646,37.5499,37.4591,37.1446,50.6206,-0.203354,-1.46765
104.6,52.0647,40.1917,47.5138,37.132,37.1299,37.145,37.1348,37.5253,37.4343,37.1146,51.4041,-0.0915569,-0.660637
104.58,52.2531,40.332,48.1443,37.1021,37.1,37.1152,37.105,37.5008,37.4097,37.0847,52.2165,-0.00506089,-0.0365833
104.56,53.4385,40.4848,48.8272,37.0723,37.0701,37.0856,37.0752,37.4764,37.3853,37.0547,53.0941,-0.0471184,-0.344443
104.54,53.4778,40.6581,49.5361,37.0424,37.0403,37.0559,37.0455,37.4522,37.361,37.0248,54.0183,0.0739063,0.540466
104.52,54.8202,40.8401,50.28,37.0126,37.0105,37.0262,37.0158,37.4281,37.337,36.9948,54.9865,0.022464,0.166325
104.5,56.6808,41.0492,51.0706,36.9828,36.9807,36.9966,36.9861,37.4042,37.3132,36.9649,56.0289,-0.086594,-0.651937
104.48,58.0075,41.272,51.8809,36.9531,36.9509,36.967,36.9565,37.3803,37.2895,36.9351,57.1049,-0.118507,-0.902582
104.46,59.0674,41.515,52.7522,36.9234,36.9212,36.9375,36.9268,37.3567,37.2661,36.9052,58.2625,-0.104729,-0.804899
104.44,58.6277,41.7853,53.6475,36.8937,36.8915,36.908,36.8973,37.3332,37.2429,36.8754,59.4716,0.11021,0.843865
104.42,60.6532,42.0676,54.5839,36.8641,36.8619,36.8785,36.8677,37.3099,37.22,36.8456,60.7343,0.0104072,0.0810515
104.4,62.5059,42.3911,55.5651,36.8345,36.8323,36.849,36.8382,37.2867,37.1973,36.8158,62.0832,-0.0534618,-0.422673
104.38,65.0573,42.731,56.567,36.8049,36.8027,36.8196,36.8087,37.2637,37.1749,36.7861,63.4697,-0.196833,-1.58762
104.36,66.3134,43.1019,57.6338,36.7754,36.7732,36.7902,36.7793,37.2409,37.1528,36.7564,64.9524,-0.167126,-1.36096
104.34,67.5852,43.5076,58.7207,36.7459,36.7437,36.7609,36.7499,37.2183,37.1311,36.7268,66.4904,-0.13317,-1.09479
104.32,67.9777,43.9312,59.8517,36.7164,36.7142,36.7316,36.7205,37.1959,37.1095,36.6972,68.0908,0.0137154,0.113082
104.3,69.0061,44.4114,61.0215,36.687,36.6848,36.7024,36.6912,37.1737,37.0885,36.6676,69.7871,0.0940139,0.780973
104.28,72.7273,44.9115,62.2147,36.6577,36.6555,36.6732,36.662,37.1517,37.0678,36.6381,71.527,-0.140742,-1.20025
104.26,73.5123,45.4571,63.4635,36.6284,36.6262,36.6441,36.6328,37.1299,37.0475,36.6087,73.3686,-0.016758,-0.143682
104.24,76.629,46.0448,64.73,36.5991,36.5969,36.615,36.6036,37.1083,37.0277,36.5793,75.2707,-0.155168,-1.35831
104.22,76.103,46.6605,66.0383,36.5699,36.5677,36.586,36.5746,37.087,37.0083,36.5499,77.2428,0.130657,1.13982
104.2,80.2559,47.3457,67.3756,36.5408,36.5386,36.5571,36.5456,37.0659,36.9894,36.5206,79.3142,-0.105121,-0.941731
104.18,80.515,48.0563,68.7352,36.5117,36.5095,36.5282,36.5166,37.0451,36.9711,36.4914,81.4339,0.102408,0.918906
104.16,83.1685,48.8305,70.135,36.4827,36.4805,36.4994,36.4877,37.0245,36.9532,36.4622,83.6579,0.0536642,0.4894
104.14,85.9947,49.6529,71.5481,36.4537,36.4513,36.4707,36.4589,37.0043,36.9361,36.4331,85.944,-0.00546338,-0.0506638
104.12,88.2399,50.516,72.993,36.4248,36.4225,36.442,36.4302,36.9843,36.9196,36.4041,88.3035,0.00677517,0.0636433
104.1,91.2624,51.4604,74.4543,36.396,36.3937,36.4134,36.4016,36.9645,36.9037,36.3752,90.7614,-0.0524414,-0.50098
104.08,93.4919,52.4358,75.9315,36.3673,36.3649,36.385,36.373,36.9452,36.8888,36.3463,93.2674,-0.0232175,-0.224493
104.06,96.1218,53.4952,77.4284,36.3387,36.3363,36.3566,36.3445,36.9261,36.8744,36.3175,95.8778,-0.0248918,-0.244043
104.04,99.7095,54.6066,78.9318,36.3101,36.3078,36.3282,36.3161,36.9073,36.861,36.2888,98.5474,-0.116376,-1.16207
104.02,101.743,55.7732,80.4482,36.2817,36.2793,36.3,36.2878,36.889,36.8487,36.2602,101.287,-0.0452375,-0.4563
104,102.905,57.0299,81.9669,36.2533,36.251,36.2719,36.2597,36.871,36.837,36.2317,104.119,0.119678,1.21404
103.98,107.788,58.3226,83.4887,36.225,36.2227,36.2439,36.2316,36.8534,36.8268,36.2033,106.992,-0.0766799,-0.796098
103.96,110.002,59.7199,85.0063,36.1969,36.1946,36.216,36.2036,36.8362,36.8176,36.1749,109.967,-0.00338393,-0.0354913
103.94,113.888,61.1694,86.5215,36.1688,36.1666,36.1883,36.1758,36.8193,36.8093,36.1467,112.992,-0.0839873,-0.896298
103.92,117.201,62.6891,88.0215,36.1409,36.1387,36.1606,36.148,36.803,36.8029,36.1187,116.074,-0.104099,-1.12697
103.9,117.883,64.302,89.5105,36.1131,36.1109,36.1331,36.1204,36.7872,36.7974,36.0907,119.24,0.124952,1.35665
103.88,122.743,65.9546,90.9822,36.0854,36.0832,36.1057,36.0929,36.7717,36.7935,36.0628,122.429,-0.0283097,-0.313641
103.86,124.635,67.7291,92.4255,36.0578,36.0557,36.0784,36.0656,36.7569,36.7914,36.0351,125.715,0.0967111,1.07968
103.84,127.877,69.5517,93.856,36.0305,36.0283,36.0513,36.0384,36.7426,36.7906,36.0075,129.036,0.102529,1.15942
103.82,130.664,71.4568,95.2343,36.0032,36.001,36.0243,36.0113,36.7288,36.792,35.9801,132.391,0.151089,1.72707
103.8,135.484,73.4512,96.5908,35.9761,35.9739,35.9974,35.9844,36.7157,36.7952,35.9528,135.815,0.0284762,0.331457
103.78,137.761,75.4874,97.9035,35.9492,35.9469,35.9707,35.9576,36.7031,36.7998,35.9256,139.239,0.125937,1.47815
103.76,142.668,77.6533,99.1655,35.9224,35.9201,35.9442,35.931,36.6913,36.8077,35.8986,142.746,0.00649012,0.0775204
103.74,144.717,79.8595,100.4,35.8957,35.8934,35.9179,35.9046,36.6802,36.8172,35.8717,146.266,0.128791,1.54934
103.72,152.693,82.1541,101.547,35.8693,35.8669,35.8917,35.8783,36.6697,36.8289,35.845,149.79,-0.234894,-2.90256
103.7,155.652,84.5262,102.662,35.843,35.8406,35.8657,35.8523,36.6603,36.844,35.8185,153.364,-0.183373,-2.28777
103.68,156.225,86.9453,103.702,35.8169,35.8145,35.8398,35.8264,36.6515,36.8609,35.7922,156.912,0.0549575,0.686914
103.66,159.727,89.4756,104.674,35.7909,35.7885,35.8142,35.8007,36.6436,36.8812,35.766,160.507,0.0617258,0.78011
103.64,162.09,92.0415,105.6,35.7651,35.7628,35.7888,35.7751,36.6369,36.9047,35.74,164.094,0.157441,2.00445
103.62,167.75,94.691,106.412,35.7396,35.7372,35.7635,35.7498,36.6309,36.9303,35.7142,167.654,-0.00738675,-0.095672
103.6,171.824,97.3985,107.182,35.7142,35.7118,35.7385,35.7247,36.6262,36.9606,35.6887,171.236,-0.044834,-0.587691
103.58,173.065,100.151,107.847,35.689,35.6867,35.7137,35.6998,36.6226,36.9938,35.6633,174.76,0.128858,1.69518
103.56,178.929,102.984,108.435,35.6641,35.6617,35.6891,35.6751,36.6199,37.0299,35.6381,178.292,-0.0476309,-0.637132
103.54,181.661,105.843,108.956,35.639,35.637,35.6647,35.6507,36.6191,37.0714,35.6131,181.789,0.0094741,0.127694
103.52,183.38,108.766,109.349,35.6144,35.6124,35.6405,35.6264,36.6193,37.1156,35.5884,185.226,0.136311,1.84589
103.5,189.151,111.722,109.695,35.5901,35.5882,35.6166,35.6024,36.6208,37.1643,35.5638,188.653,-0.036205,-0.497935
103.48,190.399,114.71,109.91,35.5661,35.5641,35.5929,35.5787,36.6245,37.2179,35.5395,191.987,0.115115,1.58841
103.46,194.654,117.737,110.05,35.5422,35.5403,35.5695,35.5552,36.6293,37.2745,35.5155,195.29,0.0455984,0.636182
103.44,196.852,120.778,110.106,35.5186,35.5167,35.5463,35.5319,36.6361,37.3374,35.4916,198.53,0.119563,1.67752
103.42,200.542,123.844,110.037,35.4953,35.4933,35.5233,35.5089,36.6451,37.4045,35.468,201.675,0.0800259,1.13327
103.4,201.829,126.915,109.918,35.4722,35.4702,35.5007,35.4861,36.6554,37.4753,35.4447,204.78,0.20774,2.95129
103.38,205.433,129.992,109.656,35.4493,35.4474,35.4782,35.4637,36.6687,37.5536,35.4216,207.758,0.162215,2.32502
103.36,210.771,133.061,109.33,35.4267,35.4248,35.4561,35.4414,36.684,37.6355,35.3987,210.668,-0.00706039,-0.102502
103.34,214.539,136.126,108.912,35.4044,35.4025,35.4342,35.4195,36.7012,37.7227,35.3762,213.489,-0.0716659,-1.0497
103.32,218.857,139.16,108.385,35.3823,35.3805,35.4126,35.3978,36.7223,37.8167,35.3539,216.18,-0.180948,-2.67691
103.3,218.928,142.171,107.812,35.3605,35.3587,35.3913,35.3764,36.7453,37.9144,35.3318,218.807,-0.00816802,-0.120856
103.28,220.011,145.149,107.1,35.339,35.3372,35.3703,35.3554,36.7713,38.0194,35.3101,221.271,0.0849702,1.26034
103.26,223.913,148.069,106.341,35.3178,35.316,35.3495,35.3346,36.8012,38.1299,35.2886,223.639,-0.0182819,-0.273566
103.24,228.984,150.964,105.494,35.2969,35.2951,35.3291,35.3141,36.8334,38.2444,35.2674,225.9,-0.203805,-3.08402
103.22,227.359,153.755,104.564,35.2762,35.2745,35.309,35.2939,36.8702,38.3679,35.2465,227.985,0.0415349,0.626281
103.2,229.926,156.502,103.592,35.2559,35.2542,35.2891,35.274,36.9107,38.4956,35.2259,229.993,0.00439716,0.0666755
103.18,230.523,159.161,102.507,35.2358,35.2342,35.2696,35.2544,36.9539,38.6288,35.2055,231.807,0.084553,1.28377
103.16,237.164,161.719,101.39,35.2161,35.2144,35.2504,35.2352,37.0037,38.7698,35.1855,233.501,-0.237869,-3.66322
103.14,236.01,164.222,100.201,35.1966,35.195,35.2315,35.2162,37.0567,38.9148,35.1658,235.073,-0.0609778,-0.936779
103.12,237.847,166.55,98.9556,35.1775,35.1759,35.2129,35.1976,37.1141,39.0669,35.1463,236.426,-0.0921475,-1.42113
103.1,240.163,168.814,97.6753,35.1586,35.1571,35.1947,35.1793,37.1782,39.225,35.1272,237.692,-0.159478,-2.47147
103.08,239.417,170.928,96.3226,35.1401,35.1386,35.1768,35.1613,37.2459,39.3871,35.1084,238.741,-0.0436595,-0.675547
103.06,240.485,172.907,94.9485,35.1219,35.1204,35.1592,35.1437,37.3203,39.5573,35.0899,239.649,-0.0539111,-0.83603
103.04,241.867,174.791,93.5246,35.104,35.1025,35.1419,35.1264,37.401,39.7318,35.0717,240.422,-0.0929376,-1.44537
103.02,242.754,176.449,92.0715,35.0864,35.085,35.1249,35.1094,37.4858,39.9108,35.0538,240.946,-0.116029,-1.80779
103,243.735,178.024,90.595,35.0692,35.0678,35.1083,35.0928,37.5801,40.0969,35.0362,241.38,-0.150832,-2.35479
102.98,240.108,179.386,89.0835,35.0522,35.0508,35.092,35.0765,37.68,40.2863,35.0189,241.575,0.0946502,1.46665
102.96,241.985,180.596,87.5619,35.0356,35.0342,35.0761,35.0605,37.7856,40.4809,35.002,241.617,-0.0236714,-0.368229
102.94,240.807,181.671,86.0172,35.0192,35.018,35.0604,35.0448,37.9019,40.6803,34.9853,241.515,0.0456379,0.708207
102.92,238.994,182.491,84.4646,35.0032,35.002,35.0451,35.0295,38.0234,40.8825,34.969,241.159,0.140034,2.16484
102.9,240.053,183.216,82.9038,34.9875,34.9863,35.0302,35.0146,38.1538,41.0897,34.9529,240.711,0.0424907,0.658336
102.88,243.735,183.678,81.339,34.9721,34.971,35.0155,34.9999,38.294,41.2995,34.9372,240.009,-0.238671,-3.72613
102.86,237.926,183.991,79.7741,34.9571,34.956,35.0012,34.9856,38.4399,41.5117,34.9218,239.164,0.0802626,1.23804
102.84,240.689,184.136,78.214,34.9423,34.9413,34.9873,34.9717,38.5983,41.7272,34.9067,238.171,-0.162297,-2.5179
102.82,232.038,184.03,76.6608,34.9279,34.9269,34.9736,34.958,38.7649,41.9438,34.8919,236.943,0.321973,4.90456
102.8,232.611,183.824,75.1162,34.9137,34.9128,34.9603,34.9448,38.9386,42.1619,34.8774,235.63,0.197976,3.01944
102.78,236.466,183.332,73.5899,34.8999,34.899,34.9473,34.9318,39.1272,42.3805,34.8632,234.065,-0.15613,-2.40089
102.76,233.687,182.711,72.072,34.8864,34.8855,34.9347,34.9192,39.3227,42.5993,34.8493,232.386,-0.0851139,-1.30112
102.74,233.208,181.908,70.5844,34.8731,34.8724,34.9223,34.9069,39.5287,42.8173,34.8357,230.563,-0.173192,-2.64485
102.72,227.752,180.885,69.112,34.8602,34.8595,34.9103,34.8949,39.748,43.0336,34.8224,228.547,0.0527064,0.795416
102.7,225.389,179.769,67.6644,34.8476,34.8469,34.8986,34.8833,39.9746,43.2488,34.8094,226.468,0.0718741,1.07904
102.68,222.241,178.377,66.2488,34.8353,34.8347,34.8872,34.872,40.2153,43.4592,34.7966,224.153,0.128263,1.91211
102.66,223.159,176.889,64.8478,34.8232,34.8227,34.8762,34.861,40.4669,43.6666,34.7842,221.764,-0.0933757,-1.39489
102.64,218.747,175.226,63.4979,34.8115,34.811,34.8654,34.8504,40.726,43.8702,34.772,219.254,0.0343058,0.507386
102.62,216.36,173.395,62.1662,34.8,34.7996,34.855,34.8401,41.0031,44.0657,34.7601,216.604,0.0165696,0.243725
102.6,212.2,171.481,60.8726,34.7888,34.7885,34.8448,34.8301,41.2881,44.2568,34.7485,213.911,0.117452,1.71093
102.58,213.44,169.341,59.6168,34.7779,34.7776,34.835,34.8204,41.5837,44.4392,34.7372,211.031,-0.164881,-2.40884
102.56,206.861,167.136,58.383,34.7672,34.7671,34.8255,34.811,41.8947,44.6119,34.7261,208.113,0.0870737,1.25235
102.54,205.024,164.785,57.2082,34.7568,34.7568,34.8162,34.802,42.2134,44.7785,34.7153,205.11,0.00601068,0.0860649
102.52,200.581,162.323,56.0537,34.7467,34.7468,34.8073,34.7932,42.5458,44.9296,34.7047,202.013,0.101133,1.43232
102.5,197.841,159.791,54.9466,34.7369,34.737,34.7986,34.7848,42.89,45.0711,34.6944,198.895,0.0749227,1.05383
102.48,194.191,157.113,53.8772,34.7273,34.7275,34.7902,34.7767,43.2417,45.2029,34.6843,195.666,0.105846,1.47499
102.46,191.317,154.392,52.8356,34.7179,34.7182,34.7822,34.7689,43.6093,45.3148,34.6745,192.417,0.0795523,1.10035
102.44,189.103,151.571,51.8525,34.7088,34.7092,34.7743,34.7614,43.9852,45.4172,34.6649,189.125,0.00159187,0.0218905
102.42,187.934,148.691,50.89,34.6999,34.7004,34.7668,34.7542,44.3695,45.5034,34.6555,185.787,-0.156649,-2.14748
102.4,181.857,145.764,49.9798,34.6913,34.6919,34.7595,34.7473,44.7678,45.5707,34.6464,182.447,0.0437852,0.590463
102.38,177.971,142.767,49.1029,34.6829,34.6836,34.7526,34.7407,45.1723,45.6273,34.6375,179.067,0.0821257,1.0956
102.36,173.073,139.749,48.2574,34.6747,34.6755,34.7458,34.7344,45.5867,45.6609,34.6288,175.683,0.198356,2.60952
102.34,172.146,136.684,47.4644,34.6667,34.6677,34.7394,34.7285,46.0103,45.6789,34.6203,172.298,0.0115637,0.151721
102.32,168.213,133.603,46.691,34.659,34.66,34.7331,34.7228,46.4391,45.6849,34.612,168.909,0.0536618,0.695977
102.3,166.306,130.506,45.9701,34.6514,34.6526,34.7272,34.7175,46.8774,45.6633,34.6039,165.538,-0.0595807,-0.768351
102.28,160.7,127.4,45.2764,34.6441,34.6454,34.7215,34.7125,47.3207,45.6303,34.5961,162.178,0.116602,1.47813
102.26,157.803,124.293,44.6147,34.637,34.6384,34.716,34.7078,47.7681,45.5803,34.5884,158.837,0.0822919,1.03375
102.24,155.645,121.196,43.9967,34.63,34.6316,34.7108,34.7034,48.2218,45.5086,34.5809,155.533,-0.0090124,-0.112437
102.22,152.952,118.111,43.3964,34.6233,34.625,34.7059,34.6994,48.6774,45.4262,34.5735,152.25,-0.0567716,-0.702116
102.2,148.171,115.044,42.8451,34.6167,34.6186,34.7011,34.6957,49.1354,45.3234,34.5664,149.015,0.0693638,0.844334
102.18,145.808,112.013,42.3142,34.6103,34.6124,34.6966,34.6923,49.5941,45.2057,34.5594,145.823,0.0012247,0.0147884
102.16,142.997,108.998,41.8139,34.6041,34.6063,34.6924,34.6894,50.0526,45.0783,34.5526,142.667,-0.0276115,-0.330182
102.14,140.36,106.043,41.3476,34.5981,34.6005,34.6884,34.6868,50.5091,44.9298,34.546,139.582,-0.0656738,-0.778061
102.12,134.723,103.119,40.8963,34.5922,34.5948,34.6846,34.6845,50.9618,44.7725,34.5395,136.529,0.155617,1.80625
102.1,134.425,100.243,40.4883,34.5865,34.5893,34.681,34.6827,51.412,44.6045,34.5331,133.556,-0.0749812,-0.869346
102.08,131.959,97.4312,40.0945,34.581,34.5839,34.6777,34.6813,51.8521,44.4217,34.5269,130.635,-0.115274,-1.32419
102.06,127.336,94.648,39.728,34.5756,34.5787,34.6746,34.6804,52.2858,44.2326,34.5209,127.757,0.0373471,0.421437
102.04,125.553,91.9668,39.3865,34.5704,34.5737,34.6717,34.6799,52.7113,44.033,34.515,124.988,-0.0503948,-0.564675
102.02,123.764,89.3213,39.0582,34.5653,34.5689,34.6691,34.6798,53.1204,43.8251,34.5092,122.243,-0.136685,-1.52061
102,120.992,86.7517,38.7639,34.5604,34.5641,34.6667,34.6803,53.5202,43.6125,34.5036,119.595,-0.127031,-1.3973
101.98,118.763,84.2573,38.4799,34.5556,34.5596,34.6645,34.6814,53.9022,43.3913,34.4981,117.005,-0.16131,-1.75793
101.96,113.903,81.8066,38.2189,34.551,34.5552,34.6626,34.683,54.2643,43.1664,34.4927,114.459,0.0520786,0.555811
101.94,112.789,79.4734,37.9753,34.5465,34.5509,34.6608,34.6852,54.614,42.938,34.4875,112.032,-0.0712998,-0.75722
101.92,110.787,77.1803,37.7436,34.5421,34.5468,34.6593,34.6879,54.9322,42.7049,34.4823,109.621,-0.110801,-1.16624
101.9,107.827,74.9817,37.5359,34.5378,34.5428,34.6581,34.6915,55.2307,42.4705,34.4773,107.308,-0.0499958,-0.519155
101.88,104.506,72.8581,37.336,34.5337,34.5389,34.6571,34.6958,55.5097,42.234,34.4724,105.056,0.0538401,0.550398
101.86,104.687,70.7899,37.1545,34.5297,34.5352,34.6563,34.7008,55.7483,41.9966,34.4676,102.838,-0.180698,-1.84884
101.84,101.036,68.838,36.9846,34.5258,34.5316,34.6558,34.7066,55.9674,41.759,34.4629,100.729,-0.0305723,-0.307303
101.82,100.275,66.9272,36.8246,34.522,34.5281,34.6555,34.7132,56.154,41.5218,34.4583,98.6386,-0.163414,-1.63638
101.8,99.5447,65.1205,36.6809,34.5184,34.5248,34.6555,34.7208,56.3023,41.2858,34.4538,96.6327,-0.291869,-2.91204
101.78,95.2347,63.3803,36.5429,34.5149,34.5216,34.6558,34.7294,56.429,41.0507,34.4494,94.6789,-0.056949,-0.555756
101.76,94.3712,61.7024,36.4191,34.5114,34.5185,34.6564,34.7391,56.5093,40.8188,34.4451,92.7595,-0.165912,-1.61175
101.74,92.9031,60.129,36.3025,34.5081,34.5155,34.6572,34.7497,56.5581,40.5887,34.4408,90.923,-0.205433,-1.98009
101.72,87.4313,58.5947,36.1938,34.5049,34.5127,34.6583,34.7614,56.5824,40.3614,34.4367,89.1126,0.179813,1.68134
101.7,85.7277,57.165,36.0956,34.5018,34.51,34.6597,34.7745,56.5513,40.1385,34.4326,87.3679,0.177152,1.64023
101.68,84.7464,55.7893,36.0015,34.4988,34.5073,34.6615,34.7889,56.4971,39.9182,34.4287,85.662,0.0994573,0.915582
101.66,82.4148,54.4775,35.9178,34.4958,34.5048,34.6636,34.8046,56.4086,39.7028,34.4248,84.0022,0.174852,1.58735
101.64,81.8417,53.2527,35.8384,34.493,34.5024,34.666,34.8216,56.2764,39.4919,34.4209,82.396,0.0612715,0.554302
101.62,81.2451,52.0628,35.765,34.4903,34.5001,34.6688,34.84,56.1224,39.284,34.4172,80.8133,-0.0479074,-0.431819
101.6,79.1098,50.9709,35.6982,34.4876,34.4979,34.672,34.8601,55.9276,39.0834,34.4135,79.3035,0.021776,0.193684
101.58,77.0451,49.9195,35.6341,34.4851,34.4959,34.6757,34.8819,55.7025,38.8867,34.4098,77.8125,0.0874261,0.767385
101.56,76.1344,48.9289,35.5775,34.4826,34.4939,34.6798,34.9053,55.4577,38.6944,34.4063,76.3761,0.0277005,0.241701
101.54,72.7901,48.0062,35.5233,34.4802,34.492,34.6844,34.9303,55.1704,38.5096,34.4028,74.9768,0.256307,2.18674
101.52,71.7538,47.1131,35.4734,34.4779,34.4903,34.6894,34.9569,54.8654,38.3284,34.3993,73.5994,0.217882,1.84563
101.5,70.6861,46.3063,35.4275,34.4757,34.4886,34.6951,34.9856,54.5386,38.1536,34.396,72.2993,0.191882,1.61325
101.48,70.8039,45.5278,35.3835,34.4735,34.4871,34.7014,35.0162,54.1821,37.9851,34.3926,71.0083,0.0242915,0.204401
101.46,70.4742,44.8035,35.3446,34.4715,34.4856,34.7083,35.0487,53.8128,37.8203,34.3894,69.7697,-0.0839215,-0.704511
101.44,67.593,44.129,35.307,34.4695,34.4843,34.7158,35.083,53.4221,37.6636,34.3861,68.5714,0.119004,0.978389
101.42,67.0356,43.4809,35.2724,34.4676,34.483,34.7241,35.1191,53.0147,37.5117,34.383,67.3928,0.0436232,0.357166
101.4,64.9553,42.9005,35.2402,34.4658,34.4819,34.7332,35.1575,52.5977,37.3641,34.3798,66.282,0.164617,1.32673
101.38,65.2065,42.3403,35.2094,34.464,34.4809,34.7433,35.198,52.1632,37.2249,34.3768,65.1868,-0.00244496,-0.0197432
101.36,63.2124,41.826,35.1816,34.4624,34.48,34.7542,35.2404,51.7212,37.0894,34.3737,64.1391,0.116551,0.926653
101.34,63.5657,41.3464,35.1547,34.4608,34.4792,34.7661,35.2847,51.2719,36.9597,34.3707,63.1283,-0.0548666,-0.437441
101.32,62.9769,40.8903,35.1299,34.4593,34.4785,34.779,35.3308,50.813,36.8365,34.3678,62.1427,-0.105122,-0.83423
101.3,61.9328,40.482,35.1064,34.4578,34.4779,34.7932,35.3791,50.3512,36.7169,34.3649,61.2104,-0.091797,-0.722418
101.28,60.8965,40.0892,35.084,34.4565,34.4774,34.8088,35.4294,49.8852,36.6043,34.362,60.3005,-0.0763762,-0.596011
101.26,58.5963,39.7331,35.0634,34.4552,34.4771,34.8256,35.4814,49.4172,36.4963,34.3592,59.4348,0.109535,0.838473
101.24,58.9182,39.3999,35.0433,34.454,34.4768,34.8438,35.5351,48.9487,36.3918,34.3564,58.5984,-0.0416656,-0.319817
101.22,57.6935,39.0864,35.0247,34.4528,34.4767,34.8635,35.5903,48.4808,36.2949,34.3537,57.7943,0.0132684,0.100782
101.2,58.6042,38.8053,35.0068,34.4518,34.4767,34.885,35.6472,48.015,36.2011,34.351,57.0321,-0.205357,-1.57208
101.18,56.3432,38.5354,34.9897,34.4508,34.4769,34.9084,35.7056,47.5509,36.1117,34.3483,56.2913,-0.00691947,-0.051939
101.16,55.3933,38.2937,34.9736,34.4499,34.4771,34.9337,35.7651,47.093,36.028,34.3457,55.5946,0.0270447,0.201285
101.14,54.726,38.0664,34.9579,34.4491,34.4775,34.9608,35.8257,46.6388,35.9472,34.343,54.922,0.0264938,0.195993
101.12,55.5189,37.8546,34.9432,34.4483,34.478,34.9899,35.8871,46.1899,35.8714,34.3405,54.2791,-0.166391,-1.2398
101.1,54.1608,37.6639,34.9289,34.4476,34.4787,35.0217,35.9492,45.7497,35.7996,34.3379,53.6737,-0.0661845,-0.487078
101.08,52.1118,37.481,34.9151,34.447,34.4795,35.0559,36.0116,45.3144,35.7303,34.3354,53.0872,0.135118,0.975397
101.06,52.5122,37.3189,34.902,34.4465,34.4804,35.0926,36.0741,44.8889,35.6665,34.3329,52.5397,0.00379618,0.0275092
101.04,52.4729,37.1654,34.8892,34.4461,34.4815,35.1319,36.1364,44.4723,35.6052,34.3304,52.0149,-0.0632244,-0.457986
101.02,51.2875,37.0237,34.877,34.4457,34.4828,35.1737,36.1982,44.0616,35.5468,34.328,51.5135,0.0315547,0.22598
101,51.578,36.895,34.8651,34.4454,34.4842,35.2189,36.2589,43.6655,35.4928,34.3256,51.0467,-0.0739811,-0.531316
100.98,50.4946,36.7717,34.8536,34.4452,34.4858,35.2673,36.3181,43.2769,35.4407,34.3232,50.597,0.0144175,0.10245
100.96,51.4131,36.6632,34.8424,34.4451,34.4875,35.3188,36.3756,42.8971,35.3919,34.3208,50.1759,-0.172548,-1.23722
100.94,49.8037,36.5595,34.8315,34.4451,34.4895,35.3734,36.431,42.5321,35.3461,34.3185,49.7788,-0.00353388,-0.0249392
100.92,49.3484,36.4643,34.821,34.4451,34.4916,35.4313,36.4839,42.1744,35.302,34.3162,49.4004,0.00739997,0.0519836
100.9,49.0658,36.377,34.8108,34.4453,34.4939,35.4931,36.5332,41.8292,35.2613,34.3139,49.0465,-0.0027531,-0.0192846
100.88,49.3484,36.2934,34.8008,34.4455,34.4964,35.5588,36.5784,41.4965,35.2225,34.3116,48.711,-0.0907287,-0.637354
100.86,47.9589,36.2198,34.791,34.4459,34.4991,35.628,36.6196,41.1712,35.1853,34.3094,48.3944,0.0628927,0.435547
100.84,47.7783,36.1488,34.7815,34.4463,34.5021,35.7008,36.6564,40.8621,35.1512,34.3071,48.0992,0.0464212,0.320872
100.82,47.8176,36.0838,34.7722,34.4469,34.5053,35.7773,36.6884,40.5623,35.1182,34.3049,47.8199,0.000329953,0.00228163
100.8,47.3701,36.0234,34.7631,34.4475,34.5087,35.8581,36.7141,40.2712,35.0872,34.3027,47.5542,0.026742,0.184054
100.78,49.3249,35.9658,34.7542,34.4482,34.5124,35.9431,36.7335,39.9968,35.0582,34.3006,47.3083,-0.287141,-2.01664
100.76,47.4643,35.9141,34.7455,34.4491,34.5163,36.0318,36.7469,39.7298,35.0302,34.2984,47.0748,-0.0565313,-0.389469
100.74,48.108,35.8642,34.737,34.45,34.5206,36.1242,36.7544,39.4742,35.0042,34.2963,46.8546,-0.180703,-1.25336
100.72,47.1267,35.8184,34.7287,34.4511,34.5251,36.2202,36.7556,39.2317,34.9795,34.2942,46.6509,-0.0693092,-0.4758
100.7,46.7813,35.7751,34.7205,34.4523,34.53,36.3206,36.7494,38.9962,34.9556,34.2921,46.4549,-0.0477268,-0.326437
100.68,46.4123,35.734,34.7125,34.4536,34.5351,36.4248,36.7362,38.7745,34.9337,34.29,46.2741,-0.0202868,-0.138207
100.66,46.3731,35.6963,34.7046,34.4551,34.5407,36.5324,36.717,38.5622,34.9125,34.288,46.1048,-0.0394058,-0.268345
100.64,45.9805,35.6597,34.6969,34.4566,34.5466,36.6432,36.692,38.3566,34.8922,34.286,45.9422,-0.00564714,-0.0382927
100.62,46.483,35.6259,34.6893,34.4583,34.553,36.7571,36.6615,38.1664,34.8733,34.2839,45.7971,-0.100599,-0.685869
100.6,44.8893,35.5936,34.6818,34.4602,34.5597,36.8744,36.6246,37.9822,34.855,34.282,45.6578,0.11471,0.768548
100.58,45.4231,35.5627,34.6746,34.4622,34.5669,36.9946,36.5824,37.8068,34.8377,34.28,45.528,0.015562,0.104883
100.56,45.6979,35.5339,34.6674,34.4643,34.5747,37.117,36.5359,37.6427,34.8212,34.278,45.411,-0.0424432,-0.286917
100.54,44.6145,35.5058,34.6603,34.4666,34.5829,37.2413,36.4856,37.4843,34.8052,34.2761,45.2995,0.10256,0.685039
100.52,44.0964,35.4796,34.6534,34.469,34.5917,37.3673,36.4317,37.3359,34.7903,34.2741,45.1999,0.166183,1.10354
100.5,44.5988,35.4542,34.6465,34.4717,34.6013,37.4947,36.3742,37.1955,34.7758,34.2722,45.1082,0.0762845,0.509446
100.48,45.4231,35.4298,34.6398,34.4744,34.6115,37.6227,36.3139,37.0601,34.7618,34.2703,45.022,-0.0595167,-0.401123
100.46,44.5203,35.4067,34.6332,34.4774,34.6224,37.7508,36.2517,36.9356,34.7487,34.2684,44.9475,0.0640289,0.427223
100.44,45.0463,35.3841,34.6267,34.4806,34.6342,37.8784,36.1879,36.8161,34.7358,34.2666,44.8779,-0.0250896,-0.168392
100.42,44.8187,35.3627,34.6203,34.4839,34.6471,38.005,36.1228,36.7023,34.7236,34.2647,44.8148,-0.000587121,-0.00393059
100.4,44.3555,35.3419,34.614,34.4875,34.661,38.1295,36.0566,36.5973,34.7118,34.2629,44.7594,0.0606478,0.403914
100.38,44.5596,35.3218,34.6078,34.4913,34.676,38.251,35.9899,36.4961,34.7003,34.261,44.7068,0.0220583,0.147246
100.36,42.8168,35.3025,34.6017,34.4953,34.6925,38.3689,35.9231,36.4014,34.6894,34.2592,44.66,0.281686,1.8432
100.34,43.1151,35.2835,34.5957,34.4995,34.7106,38.4825,35.8564,36.3127,34.6788,34.2574,44.6174,0.228798,1.50233
100.32,44.4261,35.2654,34.5898,34.504,34.7304,38.5911,35.79,36.2273,34.6684,34.2557,44.5768,0.0226026,0.150653
100.3,44.4889,35.2476,34.5839,34.5087,34.7521,38.6925,35.7244,36.1487,34.6586,34.2539,44.5392,0.00754131,0.0503006
100.28,44.2927,35.2305,34.5782,34.5137,34.7763,38.7858,35.6597,36.0738,34.6489,34.2522,44.5019,0.0314297,0.209173
100.26,42.9502,35.2138,34.5725,34.519,34.8031,38.8709,35.5961,36.0023,34.6396,34.2504,44.4643,0.231038,1.51414
100.24,43.8687,35.1973,34.567,34.5246,34.8328,38.9472,35.5336,35.9367,34.6305,34.2487,44.4289,0.0845842,0.560231
100.22,44.9521,35.1816,34.5615,34.5305,34.8658,39.0139,35.4724,35.8736,34.6217,34.247,44.3921,-0.0835172,-0.559952
100.2,44.5203,35.166,34.5561,34.5367,34.9031,39.068,35.4129,35.8142,34.6132,34.2453,44.3532,-0.0250437,-0.167101
100.18,43.7117,35.1509,34.5507,34.5433,34.9446,39.1094,35.3552,35.7589,34.6049,34.2436,44.3126,0.090886,0.600891
100.16,43.6411,35.1362,34.5455,34.5502,34.9908,39.139,35.2992,35.7056,34.5967,34.242,44.2695,0.0951172,0.628358
100.14,43.8609,35.1217,34.5403,34.5576,35.0429,39.1564,35.2448,35.6562,34.5889,34.2403,44.2266,0.0552134,0.365665
100.12,44.12,35.1077,34.5352,34.5653,35.1015,39.1615,35.1922,35.6093,34.5812,34.2387,44.1831,0.00949939,0.0630977
100.1,44.5596,35.0938,34.5302,34.5735,35.1669,39.1516,35.1417,35.5641,34.5736,34.2371,44.136,-0.0634518,-0.42356
100.08,43.3977,35.0803,34.5252,34.5821,35.2398,39.1278,35.0933,35.5227,34.5664,34.2355,44.0895,0.105009,0.691768
100.06,43.0915,35.0671,34.5203,34.5912,35.3222,39.0919,35.0468,35.4828,34.5592,34.2339,44.0445,0.145174,0.952979
100.04,43.908,35.0541,34.5155,34.6008,35.4141,39.0444,35.0021,35.4448,34.5522,34.2323,44.002,0.0141894,0.0940235
100.02,44.591,35.0415,34.5108,34.611,35.5159,38.9857,34.9592,35.4094,34.5454,34.2307,43.9638,-0.0939179,-0.627151
100,44.4654,35.029,34.5061,34.6218,35.6288,38.9144,34.9186,35.3752,34.5387,34.2292,43.9283,-0.0805391,-0.537054
99.98,44.7323,35.0168,34.5015,34.6332,35.7552,38.8325,34.88,35.3431,34.5322,34.2277,43.9009,-0.124313,-0.83143
99.96,44.7009,35.0049,34.497,34.6453,35.8941,38.742,34.8432,35.3125,34.5258,34.2261,43.8817,-0.122525,-0.819187
99.94,44.7166,34.9931,34.4925,34.6581,36.0463,38.6436,34.8081,35.2829,34.5195,34.2246,43.8719,-0.126324,-0.844736
99.92,43.4841,34.9816,34.4881,34.6718,36.2137,38.5382,34.7748,35.2554,34.5135,34.2232,43.8751,0.0592867,0.390951
99.9,44.3084,34.9703,34.4837,34.6863,36.3971,38.4256,34.7435,35.2288,34.5075,34.2217,43.891,-0.0627127,-0.417445
99.88,44.4968,34.9592,34.4794,34.7018,36.5956,38.3075,34.7139,35.2033,34.5016,34.2202,43.9208,-0.0863471,-0.575986
99.86,43.8295,34.9483,34.4752,34.7185,36.8097,38.1854,34.686,35.1793,34.4959,34.2188,43.9665,0.0207007,0.137047
99.84,43.8609,34.9376,34.471,34.7362,37.0414,38.06,34.6595,35.1559,34.4902,34.2174,44.0303,0.0255857,0.169448
99.82,43.7039,34.9271,34.4669,34.7553,37.2895,37.9321,34.6345,35.1336,34.4847,34.216,44.1119,0.0617203,0.408026
99.8,43.9001,34.9168,34.4628,34.7759,37.5528,37.802,34.6111,35.1124,34.4793,34.2146,44.2112,0.046957,0.311124
99.78,44.2142,34.9067,34.4588,34.7982,37.8313,37.6709,34.5892,35.0917,34.474,34.2132,44.3286,0.0171997,0.114367
99.76,44.3869,34.8967,34.4549,34.8223,38.126,37.5395,34.5685,35.0721,34.4688,34.2118,44.4662,0.0119068,0.0793274
99.74,44.9992,34.8869,34.451,34.8486,38.4336,37.4084,34.5491,35.0531,34.4637,34.2105,44.6211,-0.0563668,-0.378116
99.72,45.0856,34.8773,34.4472,34.8774,38.7524,37.2779,34.5307,35.0346,34.4586,34.2091,44.7924,-0.043667,-0.293206
99.7,45.1719,34.8678,34.4434,34.909,39.0814,37.1488,34.5137,35.0171,34.4537,34.2078,44.9803,-0.0285129,-0.191636
99.68,44.8501,34.8586,34.4397,34.9435,39.4179,37.0216,34.4978,35,34.4489,34.2065,45.1825,0.0496292,0.332368
99.66,44.7323,34.8494,34.436,34.9818,39.7584,36.8965,34.4828,34.9835,34.4442,34.2052,45.3961,0.0992534,0.663829
99.64,46.4516,34.8405,34.4324,35.0244,40.0995,36.7737,34.4687,34.9676,34.4396,34.2039,45.6187,-0.122204,-0.832888
99.62,44.3241,34.8317,34.4288,35.0714,40.4366,36.6535,34.4554,34.9521,34.435,34.2027,45.8457,0.228546,1.52158
99.6,46.3338,34.823,34.4253,35.1235,40.7648,36.5368,34.443,34.9372,34.4305,34.2014,46.0739,-0.0381806,-0.259891
99.58,47.0875,34.8145,34.4218,35.1824,41.0793,36.4235,34.4315,34.9227,34.4261,34.2002,46.3002,-0.114734,-0.787308
99.56,46.3024,34.8061,34.4184,35.2479,41.3747,36.3135,34.4206,34.9085,34.4218,34.199,46.5183,0.031732,0.215923
99.54,47.3622,34.7979,34.415,35.3209,41.6399,36.2068,34.4104,34.895,34.4176,34.1978,46.7185,-0.0935301,-0.643676
99.52,46.64,34.7898,34.4117,35.4026,41.8726,36.1037,34.4007,34.8817,34.4135,34.1967,46.8995,0.0379933,0.25947
99.5,45.957,34.7818,34.4085,35.4948,42.0673,36.0049,34.3917,34.8687,34.4094,34.1955,47.0582,0.162444,1.10123
99.48,47.0718,34.774,34.4052,35.5974,42.216,35.9102,34.3833,34.8562,34.4054,34.1944,47.1868,0.0167629,0.115008
99.46,46.7185,34.7663,34.4021,35.7115,42.3104,35.8192,34.3753,34.8439,34.4015,34.1933,47.2771,0.0817207,0.558569
99.44,47.1974,34.7587,34.399,35.8397,42.3533,35.7318,34.3678,34.8321,34.3977,34.1922,47.3345,0.0199539,0.137084
99.42,48.5712,34.7513,34.3959,35.9828,42.3433,35.6482,34.3606,34.8205,34.3939,34.1912,47.3584,-0.174027,-1.21284
99.4,46.6164,34.744,34.3929,36.1411,42.275,35.569,34.3539,34.8091,34.3902,34.1901,47.3443,0.106612,0.727909
99.38,49.0501,34.7368,34.3899,36.3156,42.153,35.4938,34.3476,34.7982,34.3866,34.1891,47.2979,-0.250189,-1.75222
99.36,46.9147,34.7297,34.387,36.5105,41.9845,35.4222,34.3415,34.7874,34.3831,34.1881,47.2294,0.0459456,0.314701
99.34,47.1346,34.7228,34.3841,36.7245,41.7741,35.3541,34.3358,34.7769,34.3796,34.1871,47.1422,0.00110733,0.00760236
99.32,47.7547,34.716,34.3813,36.9581,41.5221,35.2894,34.3303,34.7667,34.3762,34.1861,47.0373,-0.103811,-0.717381
99.3,46.5693,34.7092,34.3785,37.2132,41.2407,35.2288,34.3252,34.7567,34.3728,34.1852,46.9289,0.0526977,0.359618
99.28,47.0796,34.7027,34.3758,37.4926,40.9362,35.1717,34.3203,34.747,34.3695,34.1843,46.8259,-0.0369715,-0.253678
99.26,46.8598,34.6961,34.3731,37.794,40.6137,35.1177,34.3156,34.7375,34.3663,34.1833,46.7305,-0.0188839,-0.129269
99.24,46.7813,34.6898,34.3704,38.1176,40.2783,35.0667,34.3111,34.7281,34.3631,34.1825,46.648,-0.0194916,-0.133317
99.22,46.9069,34.6835,34.3678,38.4656,39.9368,35.0186,34.3068,34.7191,34.36,34.1816,46.5872,-0.0466859,-0.319745
99.2,46.1454,34.6773,34.3653,38.8375,39.5934,34.9738,34.3027,34.7102,34.357,34.1807,46.552,0.0598552,0.406599
99.18,46.483,34.6712,34.3628,39.2307,39.2521,34.9319,34.2987,34.7015,34.354,34.1799,46.5437,0.00889678,0.0606569
99.16,46.5379,34.6652,34.3603,39.6444,38.9166,34.8926,34.295,34.693,34.3511,34.1791,46.5644,0.0038894,0.026533
99.14,46.4516,34.6594,34.3578,40.0796,38.5891,34.8555,34.2913,34.6847,34.3482,34.1783,46.6176,0.0243522,0.165974
99.12,47.0247,34.6536,34.3554,40.5319,38.2717,34.8208,34.2878,34.6766,34.3454,34.1775,46.7006,-0.0472669,-0.32413
99.1,45.9099,34.6479,34.3531,40.9984,37.9681,34.7886,34.2844,34.6687,34.3427,34.1768,46.8145,0.133503,0.904575
99.08,47.3387,34.6423,34.3508,41.4762,37.6783,34.7586,34.2812,34.6608,34.3399,34.176,46.956,-0.0556215,-0.382693
99.06,47.2837,34.6368,34.3485,41.9619,37.4029,34.7304,34.2781,34.6533,34.3373,34.1753,47.122,-0.0235088,-0.161654
99.04,47.7076,34.6315,34.3463,42.4494,37.143,34.704,34.275,34.6458,34.3347,34.1746,47.3075,-0.0579252,-0.400094
99.02,46.8205,34.6261,34.3441,42.9336,36.9009,34.6793,34.2721,34.6385,34.3321,34.1739,47.5093,0.100664,0.6888
99,47.0247,34.6209,34.3419,43.4072,36.6744,34.6564,34.2693,34.6314,34.3297,34.1733,47.7184,0.101165,0.693733
98.98,47.48,34.6158,34.3398,43.8616,36.4636,34.6352,34.2666,34.6244,34.3272,34.1726,47.9258,0.0646981,0.445807
98.96,48.1394,34.6107,34.3377,44.2902,36.2694,34.6152,34.264,34.6176,34.3248,34.172,48.1256,-0.00198785,-0.0137922
98.94,48.634,34.6058,34.3357,44.685,36.0915,34.5965,34.2614,34.6109,34.3225,34.1714,48.3095,-0.0465302,-0.324493
98.92,48.8617,34.6009,34.3337,45.0309,35.928,34.5789,34.259,34.6044,34.3202,34.1708,48.4602,-0.0574442,-0.401541
98.9,47.4486,34.5961,34.3317,45.322,35.7783,34.5627,34.2566,34.598,34.3179,34.1703,48.5714,0.163007,1.12284
98.88,49.9607,34.5914,34.3298,45.5526,35.6433,34.5475,34.2543,34.5918,34.3157,34.1697,48.6383,-0.187084,-1.32236
98.86,48.9716,34.5867,34.3279,45.7155,35.521,34.5332,34.2521,34.5856,34.3136,34.1692,48.6512,-0.0457828,-0.320387
98.84,48.5241,34.5822,34.3261,45.7941,35.4101,34.5198,34.25,34.5796,34.3115,34.1687,48.5923,0.00978901,0.0681895
98.82,49.8037,34.5777,34.3243,45.7973,35.3099,34.5071,34.2479,34.5738,34.3095,34.1683,48.4697,-0.189026,-1.33399
98.8,49.4112,34.5734,34.3225,45.7253,35.2208,34.4954,34.2459,34.568,34.3075,34.1678,48.2841,-0.160348,-1.12714
98.78,47.8882,34.5691,34.3208,45.5754,35.1406,34.4843,34.244,34.5624,34.3055,34.1674,48.0304,0.0205482,0.142196
98.76,47.4643,34.5648,34.3191,45.3501,35.0683,34.4739,34.2421,34.5569,34.3036,34.167,47.71,0.0356662,0.24572
98.74,46.6007,34.5607,34.3175,45.0638,35.0037,34.464,34.2403,34.5516,34.3018,34.1666,47.3371,0.107869,0.736365
98.72,45.588,34.5566,34.3158,44.7239,34.9463,34.4547,34.2385,34.5463,34.2999,34.1662,46.9184,0.197041,1.3304
98.7,46.4437,34.5526,34.3143,44.3342,34.8946,34.4459,34.2368,34.5411,34.2982,34.1659,46.4565,0.0018721,0.0127583
98.68,46.3181,34.5486,34.3127,43.9076,34.848,34.4376,34.2352,34.5361,34.2964,34.1656,45.9634,-0.0521249,-0.354748
98.66,45.6116,34.5447,34.3112,43.4545,34.8066,34.4297,34.2336,34.5312,34.2947,34.1653,45.4495,-0.024004,-0.162114
98.64,45.4624,34.5409,34.3097,42.9826,34.7693,34.4222,34.2321,34.5263,34.2931,34.165,44.9216,-0.0802117,-0.540834
98.62,43.7039,34.5372,34.3083,42.4981,34.7355,34.4151,34.2306,34.5216,34.2915,34.1647,44.385,0.103024,0.681083
98.6,43.8216,34.5335,34.3068,42.0096,34.7049,34.4083,34.2292,34.517,34.2899,34.1644,43.8482,0.00401996,0.0266113
98.58,42.6048,34.5299,34.3054,41.5226,34.6775,34.4018,34.2278,34.5124,34.2883,34.1642,43.3165,0.109039,0.711724
98.56,42.754,34.5263,34.3041,41.0421,34.6524,34.3957,34.2265,34.508,34.2868,34.164,42.7942,0.00614337,0.0401694
98.54,43.437,34.5228,34.3027,40.5734,34.6293,34.3898,34.2252,34.5036,34.2853,34.1637,42.286,-0.174637,-1.15098
98.52,40.2732,34.5194,34.3014,40.1186,34.6083,34.3841,34.2239,34.4993,34.2839,34.1635,41.7941,0.239662,1.52092
98.5,41.388,34.516,34.3001,39.6801,34.589,34.3787,34.2227,34.4951,34.2825,34.1633,41.3209,-0.0104374,-0.0671475
98.48,40.9797,34.5126,34.2989,39.2622,34.5711,34.3735,34.2215,34.491,34.2811,34.1631,40.8698,-0.0171655,-0.109885
98.46,40.7128,34.5093,34.2976,38.8659,34.5544,34.3685,34.2203,34.4869,34.2797,34.163,40.442,-0.0424361,-0.27077
98.44,40.6579,34.5061,34.2964,38.4909,34.539,34.3637,34.2192,34.483,34.2784,34.1628,40.037,-0.0973678,-0.620852
98.42,40.7285,34.5029,34.2952,38.1378,34.5246,34.3591,34.2181,34.4791,34.2771,34.1626,39.6553,-0.168156,-1.07315
98.4,38.9936,34.4998,34.294,37.8105,34.5111,34.3546,34.217,34.4753,34.2758,34.1625,39.3007,0.0491849,0.307135
98.38,38.3027,34.4967,34.2929,37.5059,34.4984,34.3503,34.216,34.4715,34.2745,34.1624,38.9698,0.107789,0.6671
98.36,37.7767,34.4936,34.2917,37.2233,34.4865,34.3462,34.215,34.4679,34.2733,34.1622,38.662,0.144036,0.885287
98.34,37.5883,34.4906,34.2906,36.963,34.4752,34.3422,34.2141,34.4643,34.2721,34.1621,38.3774,0.128704,0.789076
98.32,38.2478,34.4877,34.2895,36.7263,34.4646,34.3383,34.2131,34.4607,34.2709,34.162,38.1171,-0.0211255,-0.13065
98.3,38.3655,34.4848,34.2884,36.5093,34.4545,34.3345,34.2122,34.4572,34.2697,34.1619,37.8776,-0.0787728,-0.487918
98.28,38.3341,34.4819,34.2873,36.3112,34.4449,34.3309,34.2113,34.4538,34.2686,34.1618,37.6576,-0.109261,-0.676482
98.26,37.9965,34.479,34.2863,36.1324,34.4358,34.3274,34.2104,34.4504,34.2675,34.1616,37.4577,-0.0874147,-0.538836
98.24,37.1644,34.4762,34.2852,35.9715,34.4271,34.324,34.2096,34.4471,34.2663,34.1616,37.2762,0.0183418,0.111817
98.22,37.7846,34.4735,34.2842,35.8258,34.4188,34.3207,34.2087,34.4439,34.2653,34.1615,37.1106,-0.109643,-0.673966
98.2,36.2302,34.4708,34.2832,35.6942,34.4109,34.3175,34.2079,34.4407,34.2642,34.1614,36.9598,0.121213,0.729601
98.18,37.4078,34.4681,34.2822,35.5773,34.4034,34.3144,34.2071,34.4376,34.2631,34.1613,36.8242,-0.0954147,-0.583575
98.16,36.9838,34.4654,34.2812,35.4724,34.3962,34.3114,34.2064,34.4345,34.2621,34.1612,36.7011,-0.0464835,-0.282686
98.14,36.4971,34.4628,34.2802,35.3779,34.3893,34.3085,34.2056,34.4315,34.2611,34.1611,36.5891,0.0152231,0.0919671
98.12,36.7405,34.4603,34.2793,35.2933,34.3827,34.3057,34.2049,34.4285,34.2601,34.1611,36.4872,-0.0417858,-0.25328
98.1,36.8425,34.4577,34.2784,35.2183,34.3764,34.3029,34.2042,34.4255,34.2591,34.161,36.3955,-0.0736359,-0.446955
98.08,36.7876,34.4552,34.2774,35.1508,34.3703,34.3002,34.2035,34.4227,34.2581,34.1609,36.3118,-0.078448,-0.475809
98.06,37.1408,34.4527,34.2765,35.09,34.3645,34.2976,34.2028,34.4198,34.2572,34.1609,36.2352,-0.148605,-0.905648
98.04,36.8033,34.4503,34.2756,35.0355,34.3589,34.2951,34.2022,34.4171,34.2562,34.1608,36.1652,-0.105176,-0.638057
98.02,35.9711,34.4479,34.2747,34.9867,34.3536,34.2926,34.2015,34.4143,34.2553,34.1608,36.1014,0.0217247,0.130296
98,37.1408,34.4455,34.2739,34.9424,34.3484,34.2902,34.2009,34.4116,34.2544,34.1607,36.0424,-0.180226,-1.09836
97.98,35.0447,34.4432,34.273,34.9022,34.3435,34.2879,34.2003,34.409,34.2535,34.1607,35.9879,0.159324,0.943175
97.96,36.4971,34.4409,34.2722,34.8659,34.3387,34.2856,34.1997,34.4064,34.2527,34.1606,35.9376,-0.0926117,-0.559494
97.94,35.296,34.4386,34.2713,34.8327,34.3341,34.2834,34.1991,34.4038,34.2518,34.1606,35.8908,0.100117,0.5948
97.92,35.9083,34.4363,34.2705,34.8022,34.3297,34.2813,34.1985,34.4013,34.251,34.1605,35.847,-0.0102248,-0.0612707
97.9,33.8829,34.4341,34.2697,34.7742,34.3255,34.2792,34.198,34.3988,34.2501,34.1605,35.8059,0.330369,1.92305
97.88,35.7277,34.4319,34.2689,34.7485,34.3214,34.2771,34.1974,34.3964,34.2493,34.1605,35.7675,0.0066666,0.039848
97.86,36.3165,34.4297,34.2681,34.7246,34.3175,34.2751,34.1969,34.394,34.2485,34.1604,35.7313,-0.0971139,-0.585239
97.84,36.2537,34.4276,34.2673,34.7023,34.3137,34.2732,34.1964,34.3916,34.2477,34.1604,35.6968,-0.0924842,-0.556857
97.82,36.4186,34.4255,34.2665,34.6816,34.31,34.2713,34.1959,34.3893,34.2469,34.1604,35.6642,-0.125004,-0.754373
97.8,35.4373,34.4234,34.2657,34.6623,34.3065,34.2695,34.1954,34.387,34.2461,34.1604,35.6333,0.0329215,0.195979
97.78,35.555,34.4213,34.265,34.6441,34.3031,34.2677,34.1949,34.3847,34.2454,34.1603,35.6037,0.00816766,0.0487021
97.76,35.4765,34.4193,34.2642,34.6269,34.2998,34.2659,34.1944,34.3825,34.2446,34.1603,35.5754,0.0166089,0.0989263
97.74,34.8485,34.4173,34.2635,34.6108,34.2966,34.2642,34.194,34.3803,34.2439,34.1603,35.5484,0.11856,0.699891
97.72,35.1861,34.4153,34.2628,34.5956,34.2935,34.2625,34.1935,34.3781,34.2432,34.1603,35.5225,0.0567055,0.336365
97.7,35.2724,34.4133,34.2621,34.5811,34.2905,34.2609,34.1931,34.376,34.2424,34.1603,35.4975,0.0379098,0.225148
97.68,35.0369,34.4114,34.2614,34.5673,34.2877,34.2593,34.1927,34.3739,34.2417,34.1603,35.4735,0.0737669,0.436641
97.66,36.0025,34.4095,34.2607,34.5544,34.2849,34.2578,34.1922,34.3719,34.241,34.1603,35.4505,-0.0919964,-0.551997
97.64,34.9662,34.4076,34.26,34.542,34.2822,34.2563,34.1918,34.3698,34.2403,34.1602,35.4283,0.0781389,0.462053
97.62,35.6806,34.4057,34.2593,34.5301,34.2796,34.2548,34.1914,34.3678,34.2397,34.1602,35.4068,-0.0458437,-0.273839
97.6,35.6492,34.4039,34.2586,34.5189,34.2771,34.2534,34.191,34.3659,34.239,34.1602,35.386,-0.0440803,-0.26319
97.58,35.0526,34.4021,34.2579,34.5081,34.2746,34.2519,34.1906,34.3639,34.2384,34.1602,35.366,0.0529317,0.313383
97.56,35.029,34.4003,34.2573,34.4978,34.2723,34.2506,34.1903,34.362,34.2377,34.1602,35.3466,0.0536582,0.317578
97.54,33.6081,34.3985,34.2566,34.488,34.27,34.2492,34.1899,34.3601,34.2371,34.1602,35.3278,0.296638,1.71968
97.52,33.8593,34.3967,34.256,34.4786,34.2678,34.2479,34.1895,34.3583,34.2364,34.1602,35.3096,0.249239,1.45029
97.5,35.0133,35.248,35.1084,35.3226,35.1187,35.0997,35.0422,35.2095,35.0889,35.0133,36.145,0,0
97.48,34.9034,35.1364,34.9979,35.2041,35.0067,34.9885,34.932,35.0978,34.9784,34.9034,36.018,0,0
97.46,34.4481,34.6794,34.542,34.7405,34.5494,34.532,34.4764,34.6407,34.5225,34.4481,35.5461,0,0
97.44,35.5079,35.7375,35.6012,35.7923,35.6072,35.5906,35.5358,35.6988,35.5817,35.5079,36.5898,0,0
97.42,34.7386,34.9666,34.8312,35.0154,34.836,34.8201,34.7662,34.9277,34.8118,34.7386,35.8048,0,0
97.4,35.1861,35.4124,35.2781,35.4556,35.2816,35.2665,35.2134,35.3735,35.2587,35.1861,36.2371,0,0
97.38,34.0634,34.2881,34.1548,34.3258,34.1571,34.1426,34.0904,34.2491,34.1354,34.0634,35.0996,0,0
97.36,34.2204,34.4435,34.3112,34.476,34.3123,34.2985,34.247,34.4045,34.2919,34.2204,35.2422,0,0
97.34,35.0604,35.2819,35.1507,35.3095,35.1506,35.1374,35.0867,35.2428,35.1313,35.0604,36.0681,0,0
97.32,33.4982,33.7181,33.5879,33.741,33.5868,33.5742,33.5242,33.679,33.5685,33.4982,34.4923,0,0
97.3,34.2204,34.4387,34.3095,34.4571,34.3074,34.2953,34.2461,34.3996,34.2902,34.2204,35.2012,0,0
97.28,34.2832,34.5,34.3717,34.5141,34.3686,34.3571,34.3086,34.4608,34.3524,34.2832,35.251,0,0
97.26,32.7916,33.0068,32.8796,33.0169,32.8754,32.8645,32.8168,32.9677,32.8603,32.7916,33.7468,0,0
97.24,35.139,35.3527,35.2264,35.3589,35.2214,35.2109,35.1639,35.3135,35.2072,35.139,36.0819,0,0
97.22,32.9251,33.1373,33.0119,33.1397,33.006,32.9961,32.9497,33.0981,32.9927,32.9251,33.856,0,0
97.2,34.5266,34.7374,34.6129,34.7362,34.6061,34.5966,34.5509,34.6981,34.5937,34.5266,35.4457,0,0
97.18,33.8515,34.0608,33.9373,34.0562,33.9296,33.9206,33.8756,34.0215,33.9181,33.8515,34.7592,0,0
97.16,34.0634,34.2712,34.1486,34.2634,34.1402,34.1316,34.0872,34.232,34.1295,34.0634,34.9599,0,0
97.14,33.6709,33.8773,33.7556,33.8663,33.7464,33.7382,33.6944,33.838,33.7365,33.6709,34.5565,0,0
97.12,33.93,34.135,34.0141,34.1211,34.0042,33.9965,33.9533,34.0957,33.9951,33.93,34.8049,0,0
97.1,34.032,34.2356,34.1156,34.2188,34.1049,34.0976,34.055,34.1963,34.0966,34.032,34.8965,0,0
97.08,32.9016,33.1038,32.9847,33.0843,32.9733,32.9664,32.9244,33.0645,32.9657,32.9016,33.7559,0,0
97.06,33.5846,33.7854,33.6672,33.7633,33.6551,33.6485,33.6071,33.7462,33.6482,33.5846,34.4289,0,0
97.04,33.4825,33.6819,33.5646,33.6573,33.5519,33.5456,33.5048,33.6427,33.5457,33.4825,34.317,0,0
97.02,34.2754,34.4735,34.357,34.4465,34.3437,34.3377,34.2975,34.4343,34.3381,34.2754,35.1004,0,0
97,33.9143,34.111,33.9954,34.0818,33.9815,33.9759,33.9361,34.0718,33.9765,33.9143,34.7299,0,0
96.98,33.0821,33.2775,33.1627,33.2461,33.1482,33.1429,33.1037,33.2383,33.1439,33.0821,33.8886,0,0
96.96,32.9644,33.1585,33.0445,33.125,33.0294,33.0245,32.9858,33.1194,33.0257,32.9644,33.7619,0,0
96.94,33.7573,33.9501,33.8369,33.9146,33.8213,33.8166,33.7784,33.911,33.8182,33.7573,34.5461,0,0
96.92,33.8593,34.0508,33.9384,34.0134,33.9223,33.9179,33.8802,34.0117,33.9197,33.8593,34.6395,0,0
96.9,33.0272,33.2174,33.1058,33.1782,33.0892,33.0851,33.0479,33.1784,33.0872,33.0272,33.7989,0,0
96.88,34.0634,34.2524,34.1416,34.2114,34.1245,34.1206,34.0839,34.2134,34.123,34.0634,34.8269,0,0
96.86,34.2126,34.4003,34.2903,34.3577,34.2728,34.2691,34.2329,34.3613,34.2717,34.2126,34.968,0,0
96.84,34.3304,34.5169,34.4076,34.4727,34.3897,34.3862,34.3505,34.478,34.3891,34.3304,35.0778,0,0
96.82,33.4354,33.6207,33.5122,33.5749,33.4938,33.4906,33.4553,33.5818,33.4937,33.4354,34.1751,0,0
96.8,32.7131,32.8972,32.7894,32.8499,32.7706,32.7676,32.7328,32.8583,32.771,32.7131,33.4451,0,0
96.78,33.8279,34.0108,33.9038,33.9621,33.8845,33.8818,33.8474,33.9719,33.8854,33.8279,34.5524,0,0
96.76,33.3804,33.5621,33.4558,33.5121,33.4362,33.4337,33.3997,33.5233,33.4374,33.3804,34.0975,0,0
96.74,34.3146,34.4951,34.3896,34.4439,34.3696,34.3673,34.3337,34.4564,34.3712,34.3146,35.0245,0,0
96.72,33.2234,33.4027,33.2979,33.3503,33.2776,33.2755,33.2423,33.3641,33.2796,33.2234,33.9262,0,0
96.7,32.3599,32.5381,32.434,32.4845,32.4133,32.4114,32.3786,32.4995,32.4158,32.3599,33.0558,0,0
96.68,32.352,32.5291,32.4256,32.4743,32.4047,32.4029,32.3706,32.4905,32.4075,32.352,33.041,0,0
96.66,32.2107,32.3866,32.2839,32.3308,32.2626,32.261,32.2291,32.3481,32.2658,32.2107,32.893,0,0
96.64,32.3834,32.5582,32.4562,32.5014,32.4346,32.4331,32.4016,32.5197,32.4381,32.3834,33.0591,0,0
96.62,33.561,33.7347,33.6334,33.6769,33.6115,33.6102,33.579,33.6963,33.6153,33.561,34.2302,0,0
96.6,32.2735,32.4461,32.3455,32.3873,32.3233,32.3221,32.2913,32.4077,32.3274,32.2735,32.9363,0,0
96.58,33.0429,33.2144,33.1144,33.1548,33.092,33.091,33.0606,33.1761,33.0965,33.0429,33.6994,0,0
96.56,32.2892,32.4596,32.3603,32.3991,32.3376,32.3368,32.3067,32.4214,32.3424,32.2892,32.9396,0,0
96.54,32.3756,32.545,32.4463,32.4837,32.4233,32.4227,32.3929,32.5068,32.4284,32.3756,33.0199,0,0
96.52,31.9202,32.0885,31.9905,32.0264,31.9673,31.9667,31.9374,32.0504,31.9727,31.9202,32.5585,0,0
96.5,32.4148,32.582,32.4847,32.5192,32.4613,32.4608,32.4318,32.544,32.4669,32.4148,33.0473,0,0
96.48,32.2186,32.3848,32.2881,32.3213,32.2644,32.2641,32.2355,32.3469,32.2704,32.2186,32.8453,0,0
96.46,33.3098,33.475,33.3789,33.4108,33.355,33.3549,33.3265,33.4371,33.3612,33.3098,33.9308,0,0
96.44,31.512,31.6762,31.5807,31.6114,31.5566,31.5566,31.5286,31.6383,31.5631,31.512,32.1274,0,0
96.42,32.9094,33.0725,32.9777,33.0071,32.9535,32.9535,32.9258,33.0348,32.9601,32.9094,33.5193,0,0
96.4,32.6111,32.7732,32.6791,32.7073,32.6546,32.6547,32.6274,32.7356,32.6615,32.6111,33.2156,0,0
96.38,32.6032,32.7644,32.6708,32.6978,32.6461,32.6464,32.6193,32.7268,32.6533,32.6032,33.2024,0,0
96.36,32.4227,32.5829,32.4899,32.5158,32.4651,32.4654,32.4387,32.5454,32.4724,32.4227,33.0166,0,0
96.34,32.9487,33.1079,33.0155,33.0403,32.9905,32.991,32.9645,33.0705,32.9981,32.9487,33.5375,0,0
96.32,32.9094,33.0676,32.9758,32.9996,32.9507,32.9513,32.9251,33.0303,32.9585,32.9094,33.4931,0,0
96.3,31.9752,32.1325,32.0413,32.064,32.016,32.0166,31.9907,32.0952,32.024,31.9752,32.5539,0,0
96.28,31.9438,32.1001,32.0095,32.0312,31.9841,31.9848,31.9592,32.0629,31.9922,31.9438,32.5175,0,0
96.26,32.1715,32.3269,32.2369,32.2576,32.2113,32.2121,32.1868,32.2898,32.2196,32.1715,32.7404,0,0
96.24,33.1214,33.2759,33.1864,33.2062,33.1607,33.1616,33.1365,33.2388,33.1692,33.1214,33.6855,0,0
96.22,31.2843,31.4378,31.3489,31.3678,31.3231,31.3241,31.2993,31.4009,31.3318,31.2843,31.8436,0,0
96.2,30.8761,31.0287,30.9404,30.9584,30.9144,30.9155,30.891,30.9918,30.9233,30.8761,31.4308,0,0
96.18,33.192,33.3437,33.2559,33.2731,33.2299,33.231,33.2067,33.3069,33.2389,33.192,33.7421,0,0
96.16,31.6141,31.7649,31.6777,31.694,31.6515,31.6527,31.6287,31.7282,31.6607,31.6141,32.1597,0,0
96.14,31.3629,31.5128,31.4261,31.4416,31.3999,31.4011,31.3774,31.4762,31.4092,31.3629,31.904,0,0
96.12,32.407,32.556,32.4699,32.4846,32.4435,32.4448,32.4214,32.5195,32.453,32.407,32.9437,0,0
96.1,32.4227,32.5709,32.4853,32.4991,32.4588,32.4602,32.4369,32.5344,32.4684,32.4227,32.9551,0,0
96.08,31.0488,31.1961,31.111,31.1241,31.0845,31.0859,31.0629,31.1597,31.0942,31.0488,31.5769,0,0
96.06,31.7161,31.8625,31.778,31.7904,31.7513,31.7528,31.7301,31.8263,31.7612,31.7161,32.24,0,0
96.04,32.2735,32.4191,32.3351,32.3467,32.3083,32.3099,32.2874,32.3829,32.3183,32.2735,32.7932,0,0
96.02,31.5984,31.7431,31.6596,31.6706,31.6328,31.6344,31.6122,31.707,31.643,31.5984,32.114,0,0
96,31.4885,31.6324,31.5494,31.5597,31.5225,31.5242,31.5021,31.5964,31.5328,31.4885,32,0,0
